Workbook

Sheet Backlog
A1: Task ID | B1: Milestone | C1: Task Name | D1: Department | E1: Primary AI Tool | F1: Priority | G1: Est. Mins | H1: Status | I1: Deliverable Target
A2: TASK-01 | B2: M1: Design & PM | C2: Draft GDD & Physics Constants | D2: Game Design | E2: Google Antigravity | F2: HIGH | G2: 10 | H2: DONE | I2: docs/GDD.md [Example]
A3: TASK-02 | B3: M1: Design & PM | C3: Export 16-Task Sprint Backlog CSV | D3: Production | E3: Google Antigravity | F3: HIGH | G3: 10 | H3: DONE | I3: Structured CSV imported to sheet
A4: TASK-03 | B4: M1: Design & PM | C4: Define Modular File Architecture | D4: Architecture | E4: OpenCode CLI | F4: HIGH | G4: 10 | H4: DONE | I4: docs/ARCHITECTURE.md module tree
A5: TASK-04 | B5: M2: Core 3D Engine | C5: Initialize Vite + Three.js Scene | D5: Engineering | E5: OpenCode CLI | F5: HIGH | G5: 10 | H5: IN PROGRESS | I5: 60 FPS WebGL canvas + chase cam
A6: TASK-05 | B6: M2: Core 3D Engine | C6: Build CatmullRomCurve3 Circuit | D6: Engineering | E6: Google Antigravity | F6: HIGH | G6: 15 | H6: PENDING | I6: Closed asphalt loop + curbs
A7: TASK-06 | B7: M2: Core 3D Engine | C7: Code Arcade Raycast Kart Physics | D7: Engineering | E7: Google Antigravity | F7: HIGH | G7: 15 | H7: PENDING | I7: Thrust, reverse, off-road drag
A8: TASK-07 | B8: M2: Core 3D Engine | C8: Implement Spacebar Drift & Turbo | D8: Engineering | E8: OpenCode CLI | F8: HIGH | G8: 15 | H8: PENDING | I8: 1.0s drift charge awards boost
A9: TASK-08 | B9: M2: Core 3D Engine | C9: Add Speed Pads & Item Boxes | D9: Gameplay | E9: Google Antigravity | F9: MEDIUM | G9: 15 | H9: PENDING | I9: 4 speed pads + 6 item boxes
A10: TASK-09 | B10: M2: Core 3D Engine | C10: Code Waypoint AI Rival Karts | D10: AI Systems | E10: OpenCode CLI | F10: MEDIUM | G10: 10 | H10: PENDING | I10: 2 AI rivals racing 3 laps
A11: TASK-10 | B11: M3: 3D Assets (MCP) | C11: Connect Blender MCP Server | D11: 3D Art | E11: MCP for Blender | F11: HIGH | G11: 10 | H11: PENDING | I11: uvx mcp-for-blender active
A12: TASK-11 | B12: M3: 3D Assets (MCP) | C12: Model Low-Poly Cyber Kart Mesh | D12: 3D Art | E12: MCP for Blender | F12: HIGH | G12: 15 | H12: PENDING | I12: Export public/assets/kart.glb
A13: TASK-12 | B13: M3: 3D Assets (MCP) | C13: Generate Custom Track Archway | D13: 3D Art | E13: Meshy / Tripo3D | F13: LOW | G13: 10 | H13: PENDING | I13: Export public/assets/arch.glb
... A17: TASK-16 | B17: M5: UI & Deploy | C17: Deploy Static Build to Web Host | D17: DevOps | E17: OpenCode CLI | F17: MEDIUM | G17: 10 | H17: PENDING | I17: GitHub Pages / Vercel live URL
A18: TOTAL | B18: All 5 Lab Milestones | C18: =COUNTA(C2:C17)&" Scheduled Tasks" -> 16 Scheduled Tasks | D18: Solo Builder | E18: Multi-Agent Stack | F18: HIGH | G18: =SUM(G2:G17) -> 180 | H18: IN PROGRESS | I18: Complete 180-Min Lab Scope

Sheet Milestone Schedule
A1: Milestone | B1: Lab Window | C1: Tasks [Auto] | D1: Done [Auto] | E1: Mins [Auto] | F1: Progress [Auto] | G1: Checkpoint Deliverable
A2: M1: Design & PM | B2: 0:00 - 1:00 | C2: =COUNTIF(Backlog!B2:B17,A2) -> 3 | D2: =COUNTIFS(Backlog!B2:B17,A2,Backlog!H2:H17,"DONE") -> 3 | E2: =SUMIF(Backlog!B2:B17,A2,Backlog!G2:G17) -> 30 | F2: =IF(C2=0,0,D2/C2) -> 1 | G2: GDD, Architecture & Backlog
A3: M2: Core 3D Engine | B3: 1:00 - 2:00 | C3: =COUNTIF(Backlog!B2:B17,A3) -> 6 | D3: =COUNTIFS(Backlog!B2:B17,A3,Backlog!H2:H17,"DONE") -> 0 | E3: =SUMIF(Backlog!B2:B17,A3,Backlog!G2:G17) -> 80 | F3: =IF(C3=0,0,D3/C3) -> 0 | G3: Playable Three.js Kart Prototype
A4: M3: 3D Assets (MCP) | B4: 2:00 - 2:30 | C4: =COUNTIF(Backlog!B2:B17,A4) -> 3 | D4: =COUNTIFS(Backlog!B2:B17,A4,Backlog!H2:H17,"DONE") -> 0 | E4: =SUMIF(Backlog!B2:B17,A4,Backlog!G2:G17) -> 35 | F4: =IF(C4=0,0,D4/C4) -> 0 | G4: Custom Blender MCP .glb Assets
A5: M4: Audio & HUD | B5: 2:30 - 2:45 | C5: =COUNTIF(Backlog!B2:B17,A5) -> 2 | D5: =COUNTIFS(Backlog!B2:B17,A5,Backlog!H2:H17,"DONE") -> 0 | E5: =SUMIF(Backlog!B2:B17,A5,Backlog!G2:G17) -> 20 | F5: =IF(C5=0,0,D5/C5) -> 0 | G5: Web Audio SFX + yt-dlp Local BGM
A6: M5: UI & Deploy | B6: 2:45 - 3:00 | C6: =COUNTIF(Backlog!B2:B17,A6) -> 2 | D6: =COUNTIFS(Backlog!B2:B17,A6,Backlog!H2:H17,"DONE") -> 0 | E6: =SUMIF(Backlog!B2:B17,A6,Backlog!G2:G17) -> 15 | F6: =IF(C6=0,0,D6/C6) -> 0 | G6: Racing HUD + GitHub Pages Deploy
A7: Total Workshop | B7: 3 Hours (180m) | C7: =SUM(C2:C6) -> 16 | D7: =SUM(D2:D6) -> 3 | E7: =SUM(E2:E6) -> 180 | F7: =IF(C7=0,0,D7/C7) -> 0.1875 | G7: Playable 3D Web Kart Racer

Sheet AI Prompt Primer
A1: Workflow Phase | B1: Target AI Tool | C1: Agent Objective | D1: Expected Output | E1: Target Sheet Range
A2: 1. Mechanics to Epics | B2: Google Antigravity | C2: Decompose GDD into 5 Lab Epics | D2: 5 Milestone Epics Table | E2: Milestone Schedule (A2:B6)
A3: 2. Epics to Sprint CSV | B3: OpenCode CLI / Antigravity | C3: Generate 16 atomic 10-15 min solo builder tasks in docs/BACKLOG.csv matching columns A-I | D3: RFC-4180 CSV file in repo | E3: Backlog (A2:I17)
A4: 3. Physics Constant Sync | B4: OpenCode CLI | C4: Verify every handling parameter in docs/GDD.md matches src/config/constants.js | D4: Verified constants & slider UI | E4: Mark TASK-06 & TASK-07 DONE
A5: 4. Blender MCP Export | B5: MCP for Blender | C5: Procedurally build low-poly Cyber Kart (<3,500 tris) and export binary kart.glb | D5: public/assets/models/kart.glb | E5: Mark TASK-10 to TASK-12 DONE
A6: 5. Scope Triage Check | B6: Google Antigravity | C6: Filter PENDING tasks with 30 mins left and enable procedural fallbacks for LOW priority items | D6: Prioritized cut-list & fallback | E6: Filter Priority = HIGH
